id;title;date;
0;Центральний парк культури і відпочинку;;
1;Спасо-Преображенський собор;;
2;Черниговский областной художественный музей;;
3;Чернігівський літературно-меморіальний музей-заповідник М. М. Коцюбинського;;
4;Регіональний ландшафтний парк «Ялівщина»;;
5;П'ятницька церква (Чернігів);;
6;Сосницькій бібліотеці Карпинського 148 років;;
7;Правила поводження на замерзлих водоймах;;
8;Чернігів запалив вогні новорічної ялинки 1.12.2020;;
9;У Борзні відкрито хокейний сезон;;
10;ЧЕРНІГІВСЬКИЙ АВТОЗАВОД БУДУВАТИМЕ ТРАМВАЇ.;;
11;На Чернігівщині модернізують приймальні відділення 9-ти опорних лікарень;;
12;Голубі озера краще місце для відпочинку на Чернігівщині;;
13;Сосницька колядка;2021-01-23 16:06:30;
14;Якість води в річках Чернігівщини у межах норми;2021-01-27 13:41:30;
15;На відкритому зимовому чемпіонаті України наші стрілки завоювали 7 медалей;2021-02-14 18:01:47;
16;15 років Мезинському національному природному парку;2021-02-14 18:39:47;
17;Скільки диких тварин на Чернігівщині;2021-02-15 06:01:40;
18;Зміни автобусних маршрутів м. Чернігів;2021-03-05 11:16:12;
19;Скільки коштує земля на Чернігівщині?;2021-03-10 09:41:32;
20;Фермер з Чернігівщині зібрав трактор своїми руками;2021-03-10 10:09:27;
21;В стінах старої лікарні на Чернігівщині знайшли ікони;2021-03-10 10:36:45;
22;Масляна або свято Колодія у Чернігові;2021-03-11 09:51:07;
23;Як святкуватимуть Купала в Чернігові;2021-07-06 12:28:18;
24;Старанним учням Чернігова доплати;2021-07-06 12:52:07;
25;Чернігівець Юрій Вірич – чемпіон;2021-07-06 13:06:31;
26;Двори Чернігова звільняють від незаконних гаражів;2021-07-06 13:18:44;
27;Погода б’є рекорди;2021-07-06 13:31:23;
28;Нове приміщення управління поліції м.Чернігова;2021-07-13 09:45:27;
29;"Фестиваль авторської пісні ""На голубих озерах""";2021-07-13 10:02:05;
30;"В Украине обсуждают введение ""социального рейтинга"", как в Китае";2021-07-14 12:59:49;
31;Експертно-технічний центр у Чернігові хочуть продати.;2021-07-16 10:34:28;
32;Чернігів туристичний;2021-07-19 07:14:04;
33;8.08.2021 Фестиваль близнюків в Чернігові;2021-08-05 09:17:28;
34;Продаж Чернігівської землі;2021-08-05 09:27:17;
35;Туристичний велосипедний маршрут на Чернігівщині;2021-08-05 09:38:31;
36;Кожна третя родина виховує дитину до 18 років;2021-08-05 09:45:25;
37;В Чернігвській ОДА оголосили конкурс;2021-08-05 08:52:21;
38;Кроманьйонці на березі Десни;2021-08-11 12:48:58;
39;Фестиваль молока в Чернігові;2021-08-11 13:23:00;
40;Чернігівський поліцейський на Чемпіонаті з рукопашного бою;2021-08-11 14:45:06;
41;Чемпіонат з біатлону стартував у Чернігові;2021-08-11 14:57:34;
42;Борщ-Fest у Городищі;2021-08-12 08:19:18;
43;Україна крокує до зірок;2021-08-13 06:38:47;
44;"День тіста у ДНЗ №21 ""Дзвіночок""";2021-08-13 07:01:43;
45;Сім’я мандрує Чернігівщиною на велосипедах.;2021-08-13 12:16:29;
46;Три вакансії в заклади освіти Чернігова;2021-08-14 04:52:27;
47;Биогазовая станция в селе Черный Рог;2021-08-14 05:11:57;
48;«Борщ-Fest» відбувся 14.08.2021 у Городищі Коропського району;2021-08-15 10:33:14;
49;Фестиваль молока відбувся в Чернігові;2021-08-15 20:11:04;
50;В Іванівці на Маковія презентували народний мюзікл;2021-08-16 09:51:38;
51;Книги контрабандою….;2021-08-16 11:58:14;
52;В Чернігові шукають педагогів;2021-08-17 08:08:02;
53;Як харчуються жителі Чернігівщини;2021-08-17 08:27:36;
54;Подорожчення проізду в Чернігові;2021-08-17 09:29:21;
55;Космос на кізякі не міняємо - Україна працює на космос;2021-08-18 09:53:38;
56;Фотоконкурс від Чернгівської бібліотеки ім. В.Г. Короленка;2021-08-18 10:23:05;
57;Чи буде нове життя в ніжинського аеродрому?;2021-08-18 10:58:43;
58;Спасівьский ярмарок у Бахмачі;2021-08-19 08:40:11;
59;Як зміниться обличчя Чернігова;2021-08-19 09:41:01;
60;Рекомендации опытного ветеринара: как правильно ухаживать за домашними животными;2021-08-20 07:08:21;
61;Свіжі вакансії від Чернігівського центру зайнятості;2021-08-20 07:34:25;
62;"Чи відновлять потяг ""Чернігів - Прилуки""";2021-08-20 09:17:56;
63;У СТАРОСІЛЛІ ТА АНДРІЇВЦІ ВПЕРШЕ СВЯТКУВАЛИ ДЕНЬ СЕЛА;2021-08-20 11:05:19;
64;В Нидерландах банки начали блокировать счета несогласных с вакцинацией;2021-08-20 18:34:05;
65;Виставка у національному архітектурному-історичному заповіднику «Чернігів стародавній»;2021-08-21 16:27:11;
66;Дачный автобус на Березанку;2021-08-21 18:48:21;
67;Мена якою її бачать звичайні люди;2021-08-22 11:43:08;
68;Міссіс незалежність з Семенівки (фотозвіт);2021-08-23 05:35:51;
69;На Менщині аграрії залізли на умовну прибрежну захистну смугу;2021-08-23 05:54:53;
70;Теплова карта Чернігова;2021-08-23 09:16:12;
71;НЕ КИНЕМО СВОЇХ!!!!;2021-08-23 18:16:36;
72;Summer Fest 2021 Городня;2021-08-24 07:50:47;
73;до 1 вересня триває конкурс Молодий вчений року;2021-08-24 08:55:52;
74;Рецепт рыбы в чешуе;2021-08-25 11:45:16;
75;Новий альбом «Light it Bright» від чернігівського рок гурту The Streechers;2021-08-25 17:45:38;
76;"ОГОЛОШЕНО КОНКУРС ""Музика осені 2021""";2021-08-26 08:10:22;
77;Під загрозою реалізація врожаю на Чернігівщині;2021-08-26 08:47:13;
78;ОСТОРОЖНО! Зубная паста;2021-08-26 14:18:04;
79;Так не має бути;2021-08-27 04:19:30;
80;Які школи на Чернігівщині найкращі;2021-08-27 09:58:14;
81;Reuters: регулятор ЕС изучает инцидент с наличием примесей в вакцинах Moderna в Японии;2021-08-27 11:24:40;
82;Розкрадання лісу в Сосниці;2021-08-27 13:58:19;
83;БОГАТИР-FEST 2021 фотозвіт;2021-08-29 10:06:54;
84;5 нових прем’єр готує Чернігівський Драмтеатр в цьому сезоні;2021-08-30 04:07:04;
85;Фермери турбуються що в них відберуть землю;2021-08-30 06:50:48;
86;Ставки каналізаційних очисних споруд Чернігова відновлять;2021-08-30 13:38:55;
87;Велике будівництво швидкісної магістралі;2021-08-30 14:13:21;
88;Молодь запрошують до участь до участі у конкурсі з екології;2021-08-31 05:37:18;
89;Наслідки негоди на Чернігівщині;2021-08-31 06:22:42;
90;"Фестиваль ""Життя в стилі Еко""";2021-08-31 19:44:14;
91;Новий навчальний рік радощі й перешкоди;2021-09-01 10:06:16;
92;В Україні стартувала податкова амністія;2021-09-01 12:12:02;
93;Єдиний квиток в Чернігові та 35 маршрут;2021-09-01 13:44:49;
94;Чернігівський експертно-технічний центр «Держпраці» хочуть продати;2021-09-02 06:58:05;
95;В области появятся 4 новых видеокамеры фиксации нарушений ПДД;2021-09-03 06:08:29;
96;Чи буде працювати Прилуцька районна лікарня?;2021-09-03 13:22:10;
97;Урбан Фест у Прилуках;2021-09-04 10:27:10;
98;Чернігів виходить на Всеукраїнський марш за тварин 2021!;2021-09-04 11:06:24;
99;Вакцинація - примус неправомірний. Роз’яснення від міністерства економіки України;2021-09-05 07:14:32;
100;Бізнес Фест пройшов у Чернігові (фотозвіт);2021-09-05 18:48:48;
101;Чернігівську жіночу виправну колонію №44 ліквідують;2021-09-07 07:00:16;
102;Чернігівщина ймовірно перейде на дистанційну освіту;2021-09-07 11:03:12;
103;Статус безробітного за зловживання планують покарання;2021-09-07 11:25:17;
104;Маршрути автобусу №18, 35 та 47 можуть зникнути;2021-09-08 05:11:22;
105;Дні відкритих дверей у міських дитячих клубах за місцем проживання;2021-09-08 10:22:27;
106;Як цього сезону платитимемо за тепло?;2021-09-09 07:22:45;
107;Талалаївка готується відзначити день села;2021-09-09 07:47:00;
108;Чернівщина долучається до контролю якості молока;2021-09-09 04:40:00;
109;Ічнянський районний суд у зв’язку з недостатнім фінансуванням не має можливості надсилати копії судових рішень;2021-09-10 08:06:27;
110;Рятувальники змагалися у легкоатлетичному забігу;2021-09-10 11:19:19;
111;Верховна Рада запретила сексизм в рекламе;2021-09-10 11:27:47;
112;Сьогодні в Данії відмінили всі карантинні заходи;2021-09-10 12:22:37;
113;Майстерню з переробки пластику відкрито в Чернігові;2021-09-11 07:45:07;
114;На Чернігівщині протікає найчистіша річка Європи;2021-09-12 05:17:08;
115;Що робити бізнесу якщо застосують локдаун;2021-09-13 05:30:21;
116;Творчість прилуцької поетеси увійшла до тридцятки кращих в Україні;2021-09-13 05:58:47;
117;Карамель-паті в Корюківці фотозвіт;2021-09-13 09:38:02;
118;«Укргидроэнерго» готовится производить «зеленый» водород;2021-09-14 07:35:17;
119;Колишня чернігівська колонія №44 може стати притулком для біженців з Афганістану.;2021-09-14 09:54:00;
120;"""За життя вільне від карантинної брехні та обмежень"" - одне з гасел мітингу що проводитиметься в Чернігові 18 вересня";2021-09-15 06:45:46;
121;16 вересня Online-аукціон з оренди державного майна у Ніжині;2021-09-14 14:22:35;
122;За борг у 72 гривні погрожують припинити газопостачання;2021-09-14 17:14:26;
123;Волонтери відновлюють мозаіку 80-х років;2021-09-15 05:36:48;
124;Аукціон з оренди державного майна в Чернігові;2021-09-15 05:50:46;
125;Конкурс на участь у навчальній програмі «Нові можливості громад в управлінні землями»;2021-09-15 05:54:43;
126;Уроки природи - чому зникають озера на Чернігівщині;2021-09-16 05:53:55;
127;Завтра 17 вересня в Чернігові публічне обговорення тарифів на проїзд;2021-09-16 10:00:12;
128;Виставка народного містецтва відкрилась у чернігові: вишивка, вибійка, писанки та ляльки.;2021-09-17 05:39:35;
129;З початку року піротехніки ДСНС України вилучили та знищили майже 62 тисячі вибухонебезпечних предметів;2021-09-17 06:01:41;
130;Министр Ляшко считает что детей нужно вакцинировать от COVID;2021-09-17 07:26:56;
131;Без электричество остался 71 населенный пункт в двух областях;2021-09-18 13:21:35;
132;В США рекомендуют  уже третью дозу Pfizer для людей старше 65 лет;2021-09-18 13:40:46;
133;Відбулося перше засідання Ради територіальних громад Чернігівщини;2021-09-19 07:37:57;
134;Громада Нового Білоуса не бажає будівництва асфальтного заводу на своїй території;2021-09-19 08:07:37;
135;Урочисті заходи до дня міста в Чернігові;2021-09-19 10:37:19;
136;Хто буде оператором автоматизованої системи обліку оплати проїзду в громадському транспорті Чернігова?;2021-09-19 11:27:06;
137;“МОЛИТВИ ЗА УКРАЇНУ” У БОРИСОГЛІБСЬКОМУ СОБОРІ;2021-09-20 05:25:14;
138;Борзна відзначила день міста;2021-09-20 06:09:16;
139;Мітинг проти порушення Конституційних Прав Українців в рамках карантинних заходів відбувся в Чернігові 18.09.2021;2021-09-20 12:55:59;
140;Владислав Степура з Борзни став бронзовим призером з пауерліфтингу;2021-09-20 14:50:18;
141;2 жовтня в Седніві літературно-мистецьке свято «Седнівська осінь»;2021-09-21 06:31:43;
142;В багатоповерхівці Чернігова відключено газ;2021-09-21 06:51:26;
143;Черниговская винодельня;;
144;Фермери Чернігівщини втратят 30-40% врожаю картоплі;2021-09-21 07:19:50;
145;"У конкурсі кращій товар Чернігівщини перемогли пластивці ТМ ""Добродія""";2021-09-21 09:09:05;
146;На початку жовтня стартує освітній проєкт «Open partes: комунікація без меж»;2021-09-21 14:43:03;
147;"""Жовта зона"" з 23 вересня";2021-09-22 07:15:27;
148;Мер Чернігова звернувася до Мінстра розвитку громад за роз’ясненнями щодо встановлення тарифів;2021-09-22 09:00:17;
149;"Завершено будівництво скейт парку у ""Березовому гаю""";2021-09-22 12:37:08;
150;Господар з Хмельниччини зробив собі диво-лопату;2021-09-22 17:56:25;
151;Чи буде олія дешевшою ніж 60 грн за літр?;2021-09-23 05:42:57;
152;2-3 жовтня відбудеться Чемпіонат України з середньовічного бою «Beremytske KnightFest»;2021-09-23 06:30:44;
153;Депутатів не можна змушувати вакцинуватись;2021-09-23 12:39:48;
154;Планшети для багатодітних родин Чернігівщини від Чернігівської ОДА;2021-09-23 17:38:36;
155;Чернігівського письменника Сергія Дзюбу нагородили в Німеччині;2021-09-23 18:11:40;
156;В Україні закрили понад 40 виробників вершкового масла.;2021-09-24 06:13:19;
157;В Україні хочуть заборонити використання пальмової олії в продуктах;2021-09-25 06:11:30;
158;"В Україні відновили легендарний сорт огірка ""Ніжинський""";2021-09-24 14:00:42;
159;Другий в Чернігівський області WIM-майданчик для автоматичного зважування вантажівок у русі.;2021-09-25 06:37:20;
160;У жителя Чернигова в гараже мины, пулеметы и автоматы Калашникова;2021-09-25 15:29:22;
161;На території біля с. Бирине Новгород-Сіверського району: тривають планові роботи по суцільному розмінуванню.;2021-09-26 06:28:33;
162;У Батурині зніматимуть кіно;2021-09-26 06:36:34;
163;Пішов по гриби та не повернувся - Поблизу Чернігова в лісі шукають чоловіка;2021-09-27 05:19:41;
164;«Лебеді над моїм життям» - друга збірка поетеси Марії Пузан, що живе в селі Піски Іванівської ОТГ Чернігівської області;2021-09-27 05:26:36;
165;Ичнянский молочно-консервный завод хотят купить;2021-09-27 05:40:28;
166;250 тисяч гривень спрямували до Прилук Депутати Чернігівської облради. Кошти підуть на адресну матеріальну допомогу та благоустрій;2021-09-27 05:56:53;
167;Мігранти з країн Азії повільно заміщують українців, що виїхали на заробітки за кордон;2021-09-27 06:36:16;
168;Чемпіонат з рукопашного бою відбувся в Чернігові;2021-09-28 05:39:51;
169;Чернігівські школи збирають пластик;2021-09-28 06:04:58;
170;ГРИБИ ІЗ ЗОНИ ВІДЧУДЖЕННЯ – ПІД ЗАБОРОНОЮ!;2021-09-28 06:29:50;
171;Новий палац спорту планують збудувати на вул. Пушкіна в Чернігові;2021-09-28 08:22:50;
172;"Ніжинського ""телефонного терориста"" засуджено";2021-09-29 05:22:23;
173;Вартість проїзду у громадському транспорті подорожчає таке рішення прийняв виконком.;2021-09-29 07:56:27;
174;Дворец Химиков в Чернигове;2021-09-29 11:51:52;
175;Черниговгаз не слышит абонентов;2021-09-29 12:14:18;
176;Поблизу Чернігова селяни не дають фермерам орати землю навколо річок;2021-09-30 06:20:03;
177;Третина малого бізнесу ще не відновила докарантинний рівень доходів;2021-09-30 05:51:31;
178;Через аварію жителі Мени лишилися без води;2021-09-30 07:32:58;
179;У Прилуцькому районі знайшовся 80-річний грибник що блукав лісом 2 доби;2021-09-30 07:44:43;
180;Відмова працівників від вакцинації не є підставою для заходів впливу з боку роботодавця – голова Комітету з трудового права НААУ;;
181;30.09.2021 Прийнято програму компенсації перевізникам за проїзд пільговиків;2021-10-01 05:18:29;
182;Тарифи не зростатимуть, запевнив Президент;2021-10-01 05:26:19;
183;Чернігівське АТП-2528 візьме у лізінг сміттєвози для роботи і техніку для прибирання міста;2021-10-01 05:51:49;
184;Зміни до порядку призначення житлових субсидій;2021-10-01 07:16:14;
185;57 громад Чернігівщини отримали картосхеми своїх територій;2021-10-01 09:42:57;
186;3 нових активні парки з’явилися на Чернігівщині;2021-10-02 07:09:30;
187;Україна повністю перешла на електронні лікарняні;2021-10-02 07:14:07;
188;Обласний центр екстреної медичної допомоги отримав 20 сучасних «швидких»;2021-10-02 07:45:31;
189;Фестиваль повітряних куль пройшов у Чернігові (фотозвіт);2021-10-02 08:12:25;
190;У Прилуках до дня міста депутати виписали собі допомогу, хворим та дітям коштів немає;2021-10-02 09:39:59;
191;Хабар $5 тисяч пропонувала керівниця Держгеокадастру за закриття провадження щодо неї;2021-10-03 06:38:11;
192;На Чернігівщині зняли фльм;2021-10-03 06:46:27;
193;Змагання з мотоспроту проходять на Новгород-Сіверщині (фотозвіт);2021-10-03 07:10:54;
194;Готель для комах у Сосниці;2021-10-04 04:45:09;
195;Резонансне вбивство поліцейського в Чернігові, серед злочинців троє неповнолітніх;2021-10-04 05:11:13;
196;Нові подробиці резонансного вбивства: драка почалася в магазині, охрана не втручалася (відео);2021-10-04 08:13:12;
197;Чемпіонка з Чернігівщини;2021-10-04 12:00:39;
198;Україна збере найбільший врожай гречки за останні 3 роки;2021-10-04 12:28:26;
199;В ніжинський лікарні температура в палатах від 8 до 14 градусів по цельсію;2021-10-04 14:03:52;
200;Вбивство поліціейського в Чернігові нові деталі та питання;2021-10-04 18:25:16;
201;У Чернігівському професійному ліцеї залізничного транспорту відкрили сучасний навчально-практичний центр;2021-10-05 05:53:45;
202;Хоробицька амбулаторія дочекалася сімейного лікаря;2021-10-05 06:55:57;
203;Як відзначили Міжнародний день музики в Борзні (фотозвіт);2021-10-05 07:15:02;
204;Прорив водогону Сновська без води 500 домогосподарств;2021-10-05 08:08:44;
205;Чемпіони з Чернігова;2021-10-05 08:29:16;
206;На Чернігівщині цієї осені висадять 26 гектарів молодого лісу;2021-10-05 12:19:08;
207;Чернігівщина йде на рекорд - середня урожайність кукурудзи найвища в Україні;2021-10-05 12:29:09;
208;Зарегистрирован аппарат дистанционного подавления коронавируса;2021-10-06 05:18:02;
209;Лихі перегони у Борзні - вантажівка збила водопровідну колонку й навіть не зупинилася;2021-10-06 05:17:24;
210;Ніжинський мер приймав громадян просто неба;2021-10-06 05:16:58;
211;Страсти по коронавирусу (фото, видео);2021-10-05 19:25:41;
212;Корюківку відвідав Франк-Вальтер Штайнмаєр;2021-10-06 13:03:44;
213;На чемпіонаті України велосипедистки з Чернігова здобули 11 медалей;2021-10-06 13:15:26;
214;В Николаеве с билбордов призывают учителей поддерживать ЛГБТ-учеников;2021-10-06 13:43:01;
215;Чернігівщина - наболіла тема опалювальний сезон. Новогорд-Сіверський термінова нарада з питань опалення;2021-10-07 04:41:58;
216;На Чернігівщині пасічники отримають дотації;2021-10-07 04:41:35;
217;У селі на Ніжинщині висохла річка і колодязі селяни б’ють на сполох;2021-10-07 04:41:10;
218;Як правильно збирати та зберігати врожай груш та яблук. Поради професіоналів;2021-10-07 05:17:51;
219;Українському сільському господарству хочуть допомогти стати більш кліматично орієнтованим;2021-10-08 05:46:42;
220;Басейн збудували а почати експлуатацію не можуть - немає рішення міської ради;2021-10-07 06:28:49;
221;У Талалаївці на Прилуччині пройшов турнір з міні-футболу для дівчат;2021-10-07 07:05:02;
222;На Чернігівщині телефонні шахраї атакують підприємців намагаючись видурити кошти;2021-10-07 07:24:26;
223;Сбой в работе WhatsApp, Instagram и Facebook подарил меседжеру Telegram 70 000 новых пользователей;2021-10-07 12:09:31;
224;В Індії нагородили поетів з Чернігова;2021-10-08 05:43:09;
225;Рейдери у селі Кути Семенівського району Чернігівській області, захопили більше 2 тисяч га з врожаєм. (Відео);2021-10-08 06:06:02;
226;В Ніжині з’явився світло-музичний фонтан (фотозвіт від мера);2021-10-08 06:33:59;
227;Пішов із життя Антон Поляков, народний депутат України. Чи була його смерть природньою?;2021-10-08 07:48:36;
228;Директор школи подав на Кабмін у суд через обов'язкову вакцинацію вчителів;2021-10-08 09:56:22;
229;Батьківський комітет звернувся до мера Чернігова. Діти мерзнуть в дітсадку без опалення. Мер пропонує закривати дітсадок(фото, відео);2021-10-09 06:58:11;
230;В Ніжині з’явилися громадські загальнодоступні станції для ремонту велосіпедів (фотозвіт);2021-10-09 06:33:30;
231;Розмножуємо виноград методом живця, та що для цього слід зробити восени;2021-10-09 06:47:40;
232;У Борзні будують нову свердловину для забору питної води;2021-10-09 08:20:03;
233;Петиція про кримінальну відповідальність за примусову вакцинацію набрала необхідні голоси;2021-10-09 10:35:31;
234;Ракетомоделісти з Ніжина посіли призові місця на Чемпіонаті світу;2021-10-10 07:10:44;
235;У Сновську збирають підписи щоб відновити дорогу;2021-10-10 07:31:37;
236;Економія опалення на знаннях учнів. В Прилуцьких школах канікули на 4 дні довші.;2021-10-10 08:55:16;
237;Інтерв’ю Руслана Коцаби з Народним депутатом України Олександром Качним про коронавірусний психоз, локдауни і законопроект 4142 (відео);2021-10-10 08:28:06;
238;Олімпійський чемпіон, легкоатлет Сергій Бубка в Чернігові;2021-10-11 05:34:24;
239;Змагання з легкоатлетичного кросу в Прилуках;2021-10-11 05:58:39;
240;Управління фітосанітарної безпеки підсумки роботи за 9 місяців - отримано 3 нотифікації;2021-10-11 06:11:10;
241;Мер Чернігова зустрівся з батьками дітей садочка №66. Що робиться для увімкнення там опалення?;2021-10-11 06:21:22;
242;Опалювальний сезон розпочався в Чернігові. Декілька бюджетних установ без опалення;2021-10-12 05:25:28;
243;Електронні лікарняні - роз’яснення МОЗ для паціентів;2021-10-12 05:48:47;
244;Зареєструйте право власності на землю, або вона стане комунальною власністю;2021-10-12 06:12:36;
245;Допомога з державного бюджету  на придбання житла для дітей-сиріт з Прилук;2021-10-12 06:32:20;
246;В Чернігові зник семикласник;2021-10-12 07:28:26;
247;Чернігівщина реалізувала власних продуктів на 10 млрд. гривень;2021-10-12 10:22:44;
248;Прилуцьку виховну колонію хочуть продати за 100 млн гривень;2021-10-13 05:25:08;
249;Порушення карантину фіксуватимуть спецкамери...;2021-10-13 04:52:02;
250;100 днів продажу землі, які результати на Чернігівщині;2021-10-13 06:17:52;
251;Чемпіонат Европи з САМБО наші на п’єдесталі;2021-10-13 06:45:31;
252;В Ніжині вчора почали демонтаж Літньої естради (фотозвіт);2021-10-13 08:35:53;
253;Міжобласні перевезення нещеплених українців без ПЛР-тесту заборонено Кабміном;2021-10-13 14:03:02;
254;Зниклого чернігівського семикласника знайшли в Івано-Франківську;2021-10-13 18:30:44;
255;У Новгород-Сіверському розпочали програму «Впливай на бюджет своєї громади»;2021-10-14 05:08:51;
256;У Борзні проводять вечірні рейди по виявленню правопорушень серед дітей;2021-10-14 05:25:23;
257;У Сосниці облагороджують парк Парк Пам’яті (фотозвіт);2021-10-14 05:44:09;
258;Українські аграрії лишились без нової сільхоз техніки;2021-10-14 06:15:18;
259;Белорусский контроль качества;;
260;Профспілка освітян м. Києва вимагає від КабМіну, МОЗ та Міносвіти не допустити порушення прав невакцинованих праціників;2021-10-14 15:21:25;
261;Директор Київської школи №210 Дмитро Ламза подав вже другий позов в суд проти КабМінУ;2021-10-14 15:15:28;
262;В Чернігові відкрили пам’ятник Захисникам України;2021-10-14 16:51:50;
263;Найдешевша на Чернігівщині сільгоспділянка коштувала всього 630 грн;2021-10-15 05:23:33;
264;"Носівка отримала новий авто ""швидкої""";2021-10-15 05:22:58;
265;В Семенівці триває битва за врожай (відео);2021-10-15 06:36:10;
266;Чернігів стає більш безпечним;2021-10-15 08:25:44;
267;З п’яти цукрових заводів на Чернігівщині залишився лише один;2021-10-15 08:56:02;
268;Приват Банк встановив ліміт на перекази з картки на карту.;2021-10-16 06:41:53;
269;Сільські бібліотеки Новгород-Сіверської териториальної громади отримали комп’ютери;2021-10-16 07:12:31;
270;На території Ніжинської школи №15 з'явилася траса для занять картингом;2021-10-16 07:43:23;
271;Змагання з футболу “Кубок Смолянки” в Комарівці Борзнянського району (фотозвіт);2021-10-16 14:37:25;
272;В Черниговской области появился новый комплекс фиксации нарушений ПДД;2021-10-16 15:03:41;
273;"""Колорит"""" з Варви - лауреати Міжнародного Фестивалю - конкурсу ""Kyiv art Fest""";2021-10-17 06:12:07;
274;Пестициди, якими обробляють поля - впливають на розвиток онкозахворювань;2021-10-17 06:28:51;
275;У срібному відкрито краєзнавчий музей;;
276;В Чернігові тарифи на опалення підіймати не будууть;2021-10-18 05:25:33;
277;Інвентарізація земель - Ріпкінська громада згодна прийняти ліс у комунальну власність;2021-10-18 06:13:59;
278;"12 жовтня у рамках кампанії ""Створюємо ліси разом!"" висаджено 10 285 сіянців лісових культур у Любецькому лісництві";2021-10-18 06:32:49;
279;Корюковская фабрика «Славянские обои – КФТБ»  снизила  уровень производства на 7,1%;2021-10-18 08:11:51;
280;Чернігівська «Юність» вдало обіграла у футбол своїх однолітків з Києва;2021-10-18 11:58:27;
281;За вирубку лісу на Чернігівщині судитимуть посадовців;2021-10-18 13:34:26;
282;Вчора 18.10 в Новгород-Сіверському обговорювали стратегію розвитку громади на 8 років.;2021-10-19 04:55:25;
283;Розіграш Суперкубку Борзнянської футбольної ліги 2021 рокув с. Кинашівка;2021-10-19 05:05:36;
284;Колективи Ніжинської хореографічної школи стали учаниками фестивалю «STARS OF TURKEY» в Анталії;2021-10-19 05:51:59;
285;В Ніжині є нічні маршрутки;2021-10-19 06:17:18;
286;В Чернігові рятувальники ліквідували загоряння вантажного автомобіля;2021-10-19 11:47:06;
287;Наталія Чистякова з Ніжина — чемпіонка світу з самбо;2021-10-19 11:37:54;
288;Ніжинтеплокомуненерго хоче, але не може;2021-10-20 04:24:09;
289;В Чернігові з’явиться новий сквер;2021-10-20 05:06:53;
290;Гаряча тема: ПІДВИЩЕННЯ ТАРИФІВ НА ОПАЛЕННЯ;2021-10-20 05:18:41;
291;Після нового року у громадському транспорті Чернігова почнуть впроваджувати електронний квиток;2021-10-20 08:12:37;
292;Завтра почнуть діяти нові правила пасажирських перевезень у регіонах із різними рівнями епіднебезпеки;2021-10-20 08:30:29;
293;В Ніжині з’являться цікаві інсталяції;2021-10-20 09:45:56;
294;У Прилуках відбулась зустріч з Уповноваженою Верховної Ради України з прав людини в Чернігівській області;2021-10-20 13:58:28;
295;У Ніжині цікавий івент: читатимуть Гоголя протягом доби;2021-10-21 04:55:06;
296;У дворі чернігівської ОДА хочуть побудувати житловий будинок;2021-10-21 05:22:24;
297;В Чернигове выращивают креветки (видео);2021-10-21 07:41:45;
298;Первый день ограничений Киевский автовокзал потерял 40% рейсов, проверки в Чернигове;2021-10-21 12:44:25;
299;Підприємці центрального ринку вирішували як працювати в локдаун (відео);2021-10-21 18:57:22;
300;В Нежине нашли деньги на отопление;2021-10-22 05:30:05;
301;В Чернигове презентовали «Серебряные оклады Евангелий XVII-XIX веков»;2021-10-22 07:35:09;
302;Чернігів відвідав Предстоятель Православної Церкви України, Блаженнійший Митрополит Епіфаній;2021-10-22 07:50:57;
303;95 свердловин для забезпечення жителів області якісною питною водою заплановано будувати на Чернігівщині;2021-10-22 13:43:52;
304;Новий потяг Варварівський - Гребінка запускають на Чернігівщині;2021-10-22 14:26:53;
305;В Ніжині відбувся міжнародний інвестиційний форум;2021-10-23 07:09:46;
306;Вперше за 50 років ремонтується дорога на ділянці Макиївка-Новий Биків на Чернігівщині;2021-10-23 09:26:03;
307;Поблизу села Хотинівка Ніжинського району браконьєри підстрелили фермера;2021-10-23 12:31:20;
308;60 дерев висадили по вул. Мстиславська в Чернігові;2021-10-24 07:36:19;
309;На дорозі Чернігів - Славутич готуються до капремонту 3 мостів;2021-10-24 07:44:13;
310;У Прилуках в бібліотеці ім. Л.Забашти презентували новий роман Олени Печорної;2021-10-24 10:03:33;
311;"Наявність сертифікату або ПЛР-тест у продавців та відвідувачів - умови для роботи ринку в ""червоній зоні""";2021-10-24 10:29:04;
312;У Борзнянському районі провели леогкотлетичні змагання «Олімпійські сходинки» (фотозвіт);2021-10-25 06:39:46;
313;Два нові ландшафтні заказники з’явилися на Чернігівщині;2021-10-25 07:58:26;
314;Недалеко от Смолина в Черниговском районе разрабатывают новое месторождение торфа;2021-10-25 13:45:13;
315;Розрахунок прожиткового мінімуму в Україні змінять.;2021-10-26 05:46:10;
316;Тариф на доставку газа может поднятся в 3 раза;2021-10-26 06:16:29;
317;У Семенівці продовжується битва за врожай;2021-10-26 12:45:17;
318;Чернігівщина рухається до безбар’єрності;2021-10-26 15:57:57;
319;Режим економії опалення хочуть запровадити у Чернігівських школах;2021-10-27 06:25:02;
320;Мешканець ніжинського району став жертвою кібер-злочинців;2021-10-27 06:54:35;
321;Вирішується доля Ніжинської районнної лікарні;2021-10-27 07:11:25;
322;У Качанівці альтанку Глібова рятують від руйнування;2021-10-27 10:45:54;
323;"Черниговская область в ""красной зоне"" как будет работать система образования";2021-10-27 15:44:05;
324;Як працюватиме громадський транспорт Чернігова у період карантину;2021-10-27 20:02:06;
325;На Чернігівщині СБУ викрила корупційну схему збагачення чиновників одного із комунальних лісгоспів;2021-10-28 06:43:31;
326;Переглянути механізм компенсацій місцевим бюджетам різниці у тарифах на тепло закликав уряд Владислав Атрошенко;2021-10-28 07:08:30;
327;Юлія Батура новий директор РЛП «Ялівщина»;2021-10-28 08:25:10;
328;60 річний ювілей відзначив інститут сільськогосподарської мікробіології та АПВ НААН м. Чернігіва;2021-10-28 08:41:05;
329;Правоохоронці проводять обшуки на комунальних підприємствах Чернігова;2021-10-28 12:37:19;
330;СБУ викрила посадовців Чернігівської міськради на розкраданні коштів;2021-10-28 18:07:28;
331;"30 - 31 жовтня - відкритий міський фестиваль-конкурс української патріотичної пісні ""ПОКЛИК СЕРЦЯ""";2021-10-29 05:16:40;
332;На Чернігівщині розпочався осінній призов на строову військову службу;2021-10-29 05:41:35;
333;Чернігівська ОДА ініціює інвентаризацію газових мереж;2021-10-29 05:49:37;
334;Чернігівська обласна рада звернулася до Уряду щодо стану річки Остер;2021-10-29 06:03:33;
335;"Як працюватимуть заклади культури в ""красній зоні""";2021-10-30 07:40:56;
336;Новая аллея возле дворца бракосочетания в Чернигове;2021-10-30 08:05:03;
337;ЦВК призначила довибори до Ради в окрузі №206;2021-10-30 08:10:45;
338;В Ніжині йде ремонт центральної частини міста (фотозвіт);2021-10-30 08:28:25;
339;Шоста частина земель сільськогосподарського призначення в Україні обробляється незаконно;2021-10-30 09:25:10;
340;На Черниговщине действует запрет на отлов рыбы;2021-10-31 09:03:19;
341;"Тролейбус №1 снова будет ходить до ""Сиверянки""";2021-10-31 09:14:44;
342;В Прилуках за долги хотят отрезать канализацию;2021-10-31 10:57:23;
343;"Податкова у Чернігівській області викритла ""схему""на суму 4,4 млн гривень";2021-10-31 14:46:13;
344;Первые последствия ограничений для жителей Чернигова;;
345;Лідери громадських обє’днань Чернігівщини зібрались в Ніжині на обговорення;2021-11-01 07:27:05;
346;Чернігівський дітсадок №66 досі без опалення чи закриють заклад?;2021-11-01 07:42:01;
347;Діджиталізація Ніжинської міськради триває - електронний обіг документів (відео);2021-11-01 07:56:13;
348;При пополнении електронной транспортной карты в Чернигове с 1 ноября взымается комисия;2021-11-01 08:51:07;
349;В Україні хочуть почати щепити від Коронавірусу дітей віком від 12 років;2021-11-01 10:48:25;
350;До 27 листопада вул. Київську в Чернігові буде перекрито;2021-11-01 11:02:22;
351;Пограничники Черниговского отряда задержали нарушителя;;
352;Чернігівські медики планують придбати пересувний мамографічний комплекс;2021-11-01 14:50:29;
353;Дожилися..... Европейці підроблюють білоруські краски;2021-11-01 18:35:49;
354;Мер Чернігова вимагає від влади справедливих компенсацій різниці у тарифах на газ для мешканців міста;2021-11-02 09:32:07;
355;Новгород-Сіверський міський голова Людмила Ткаченко отримала подарунок - нове авто Renault SANDERО;2021-11-02 10:00:03;
356;Наши чемпионы;2021-11-02 10:38:50;
357;Семінар-наради для директорів навчальних закладів, дитячих садків щодо впровадження системи безпечного і здорового харчування у закладах освіти;2021-11-02 12:22:53;
358;З Ічні на Прилуки поїздом в тому числі для пільгових категорій громадян;2021-11-02 13:58:56;
359;На порозі транспортного колапсу - у Прилуках зупинка метанової заправки;2021-11-03 06:39:05;
360;Навіщо газові труби хочуть передати громадам? Чи не перекладають відповідальність за ремонт на плечі пересічних громадян?;2021-11-03 07:50:33;
361;В Києві проходять масові митинги проти обмеження прав людей при застосуванні локдауну (відео);2021-11-03 11:02:02;
362;У Пакулі Чернігівського району висаджували дерева;2021-11-04 06:56:38;
363;ДТП біля Количівки - загинув 34-річний пасажир;2021-11-04 09:35:14;
364;Борьба за сохранение Семеновского лесхоза семеновцы вышли под КабМин;2021-11-04 10:21:44;
365;Е-лікарняний: актуальна інформація для громадян;2021-11-04 12:56:12;
366;Три дні без газу - жителі Понорниці перекривали трасу Чернігів-Гремяч для виришення питання;2021-11-04 13:14:02;
367;"в Чернигове мошенники ""разводят"" детей на деньги";2021-11-04 14:20:12;
368;Нову уніфіковану методику оцінки земель ухвалив уряд;2021-11-05 07:20:31;
369;Де в Чернігові можна повірити лічильники води без демонтажу?;2021-11-05 07:47:34;
370;Тупичівська сільска рада допомогає ремонтувати будинок культури у Вихвостові;2021-11-05 09:15:52;
371;Ніжин зустрів почесних гостей з Польщі;2021-11-05 14:05:25;
372;У Носівці ремонтують стадіон (фотозвіт);2021-11-06 07:27:18;
373;Працівнику поліції Чернігівської області повідомлено про підозру - при затриманні жорстоко побив чоловіка;2021-11-06 08:02:03;
374;Терцентр Монастирищенської міської ради - працівникам соціальної служби вручені два велосипеди та п’ять тонометрів;2021-11-06 08:17:54;
375;У Ніжині скаржаться на аварійні дороги (фотозвіт);2021-11-07 07:04:10;
376;Податки для підприємців в Україні зростуть;2021-11-07 07:39:41;
377;Соревновани по автомодельному спорту проходили в Чернигове;2021-11-07 11:08:14;
378;"На Черниговщине в парке природы ""Беремицкое"" будут разводить благородных оленей.";2021-11-08 06:17:54;
379;Почему оформить субсидии стало тяжелее;2021-11-08 06:52:05;
380;В нежинском районе пробемы с связью;2021-11-08 09:04:05;
381;Чернігів змінюється на краще;2021-11-09 05:33:24;
382;На Чернігівщині з 6 листопада почався сезон полювання;2021-11-09 05:32:50;
383;Сьогодні день української писемності та мови;2021-11-09 09:39:29;
384;Почему мировые цены на продукты будут рости и дальше поясняет экономист;2021-11-09 12:50:11;
385;До України завезли небезпечне м’ясо. Будьте обережні;2021-11-09 14:50:07;
386;За газ платитимемо по-новому не за куби, а за енерго одиниці...;2021-11-10 06:39:28;
387;В день Української мови бібліотеку у Прилуцькому районі  відвідав гість з Чикаго;2021-11-10 07:27:51;
388;Скоро може з’витися швидкісний потяг Чернігів-Київ;2021-11-10 08:06:40;
389;Перевірка якості продуктів харчування у домашніх умовах (відео);2021-11-10 15:09:27;
390;Органи охорони здоров’я Франції не рекомендують вакцину Moderna COVID-19 людям молодшим 30 років;2021-11-11 06:46:22;
391;В Україні вводять е-аудит, що дозволить проводити податкові перевірки без контакту податкового інспектора з підприємством;2021-11-11 06:46:52;
392;В Ічні обговорювали заходи техногенної безпеки та профілактики хвороб. Гімназія №1 на карантині до 21.11.2021;2021-11-11 10:16:22;
393;Чернігівський автозавод відвідали депутати;2021-11-11 10:47:31;
394;Плани розвитку громадського транспорту Чернігова;2021-11-11 19:31:14;
395;У Городні вимагають роз’яснень міської ради щодо оплати тестувань на корронавірусну інфекцію за рахунок вчителів;2021-11-12 07:00:53;
396;Мешканцям зруйнованого гуртожитка по вул. Попудренка 16 продлили всі угоди на проживання;2021-11-12 07:31:41;
397;В Ольшані ічнянського району ремонтують міст (фотозвіт);2021-11-12 13:11:43;
398;34 ноутбуки для вчителів Новгород-Сіверської громади;2021-11-12 13:26:03;
399;В Ічнянському районі висадили 2,3 га дерев (фотозвіт);2021-11-13 06:51:32;
400;Старостинські округи об’єднають відповідно до вимог чинного законодавства;2021-11-13 07:47:48;
401;Бобровицькій Молодіжній раді виповнюється рік;2021-11-13 07:56:46;
402;Чернігівобленерго повідомив - взимку можливі відключення електроенергії;2021-11-13 16:08:56;
403;"Прийом з особістих питань на ""виїзді"" проводила Новгород-Сіверська районна адміністрація";2021-11-14 06:33:58;
404;У Борзні відремонтовано стадіон (фотозвіт);2021-11-14 06:51:18;
405;В Тупичеві для представників громади проводили семінар (фотозвіт);2021-11-14 07:09:00;
406;Сільські та селищні очільники обговорювали питання взаємодії з підприємствами охорони здоров’я;2021-11-14 07:31:41;
407;У Прилуцькому районі вирішують проблеми зв’язку між округами територіальних громад;2021-11-15 06:32:25;
408;"Колишній дитячий табір ""Дружба"" змінив власника";2021-11-15 06:56:39;
409;Чернігівська самбістка Юлія Гребеножко виборола «золото» на чемпіонаті світу;2021-11-15 10:41:21;
410;Поліція Чернігівщини просить на допомогу у розшуку водія легковика що скоїв ДТП у Ніжині;2021-11-15 11:01:33;
411;Тупичівська територіальна громада розробляє новий Статут;2021-11-15 12:17:46;
412;З 1 січня в Україні всім ФОПам 2-4 групи потрібно мати касові апарати;2021-11-16 07:04:44;
413;Куліківська громада затвердила програму розвитку на 2021-2023 роки;2021-11-16 08:31:51;
414;У Ніжині литовським інвесторам презентували інвестиційні проекти;2021-11-16 12:13:13;
415;Міністерство освіти і науки рекомендує відновити очний освітній процес у школах;2021-11-17 06:06:20;
416;Чернігівський автозавод продав 27 автобусів;2021-11-17 07:01:18;
417;Поліція Прилуччини розшукує зниклого безвісти 16-річного хлопця;2021-11-17 10:42:20;
418;На Чернігівщині поліція викрила «банківського» шахрая;2021-11-18 06:29:04;
419;Чернігівськ райони об’єдналися - стели з назвами лишилися;2021-11-18 06:17:49;
420;У Новгород-Сіверському молодь долучилася до вирішення питань благоустрою міста;2021-11-18 08:42:26;
421;Бронзовий призер чемпіоната Європи з армспорту з Борзни;2021-11-18 10:38:46;
422;Чернігівські кік-боксери вибороли низку нагород на всеукраїнських змаганнях у Харкові;2021-11-18 19:51:22;
423;У Чернігові перекривається рух автотранспорту  на перехресті вул. Пухова з вул. Всіхсвятською;2021-11-18 20:07:03;
424;Віртуальний тур прилуцькою фортецею  запропонував краєзнавчий музей імені В.І.Маслова;2021-11-19 05:53:06;
425;Соціальна срямованість бюджету Чернігова у 2022 році - 366 мільйонів на соціальні програми;2021-11-19 13:03:43;
426;Облгаз ухиляється від виконання своїх зобов’язань? Газорозподільча система потребує ремонту - тепер її передають людям;2021-11-19 14:25:41;
427;Будьте обережні - Приват Банк повідомив про нову шахрайську схему;2021-11-20 07:11:08;
428;Кубок України з кікбоксингу проходить у Чернігові;2021-11-20 07:59:16;
429;Виставка керамічних іграшок-свищиків майстрині Ольги Баєвої відкрилася в чернігівському музеї Тарновського;2021-11-20 08:16:59;
430;Аварійні відключення в мережах - Чернігівобленерго ліквідує наслідки негоди;2021-11-21 06:32:54;
431;В Іржавці Ічнянського району пройшли змагання клубного чемпіонату Чернігівської області з настільного тенісу;2021-11-21 06:48:21;
432;Поліцейські Чернігівщини допомагають громадянам долати наслідки буревію;2021-11-21 07:09:59;
433;Сорт картоплі, який не цікавий колорадському жуку;2021-11-21 09:36:53;
434;У Новгород-Сіверському почали облагорожувати парк (фотозвіт);2021-11-22 06:14:08;
435;В Грем’ячі побудували амбулаторію, але не ввели в експлуатацію;2021-11-22 06:37:08;
436;В Чернігові цієї зими працюватимуть пункти обігріву;2021-11-22 07:37:25;
437;Чернігівводоканал запускає мобільний додаток для передачі показників;2021-11-22 07:51:21;
438;Черниговские велосипедисты получат комфортные условия для занятий;2021-11-22 14:27:16;
439;Ксерокопії паспорту більше не знадобляться;2021-11-23 06:26:14;
440;У Вихвостові небайдужі мешканці збудували спортивний майданчик (фотозвіт);2021-11-23 06:49:14;
441;Авомобильный мост возле Сновска в процессе капитального ремонта;2021-11-23 07:21:40;
442;На Черниговщине чрезвычайная ситуация социального характера;2021-11-23 08:08:22;
443;Чернігівщина осіння в об’єктиві - роботи фотохудожника з Городні Олександра Арендара;2021-11-23 15:08:56;
444;В Чернігівській області вдкрився 33 Центр надання адміністративних послуг;2021-11-23 13:42:43;
445;За первые месяцы работы камер фиксации, водителям Чернигова выписали 8049 протоколов.;2021-11-24 07:03:09;
446;Розпочалася спеціальна прикордонна операція для посилення охорони кордону з Білоруссю;2021-11-24 10:11:54;
447;Ковзанка та встановлення новорічної ялинки, як святкуватимуть Чернігівці цього року;2021-11-24 11:46:12;
448;Акція під міською радою проти знищення Ялівщини;2021-11-24 15:05:10;
449;Улицу Киевскую скоро откроют для транспорта;2021-11-25 09:04:08;
450;В селі Іваниця Ічнянського району багатодітна родина отримала нетельну корову;2021-11-25 09:03:54;
451;Черниговская областная больница завершает ремонт хирургического отделения;2021-11-25 09:51:29;
452;На Черниговщине земля с историческими памятниками в 2 тыс лет ушла с молотка. Прокуратура признала сделку незаконной.;2021-11-25 10:27:18;
453;В Ичне хотят возобновить работу автостанции;2021-11-25 14:51:06;
454;В Новгород-Северском искали новые подходы в сельском хозяйстве в условиях изменения климата;2021-11-26 07:19:12;
455;Мер обещал - люди не верили. Акция против приватизации Еловщины;2021-11-26 08:15:36;
456;У Прилуках оптимізували вуличне освітлення та навчальні заклади;2021-11-26 09:08:11;
457;Профспілка освітян та науковців України продовжує кампанію з захисту прав непривитих працівників.;2021-11-26 10:06:16;
458;Первую партию радиоактивных отходов передали в Центральное хранилище в Чернобыле;2021-11-26 13:10:19;
459;Сховище вогнепальної зброї буле знайдено полбизу кордону Росії та Білорусії (фото);2021-11-26 14:22:47;
460;Чернігівська облспоживспілка відкрила новий продуктовий магазин в Городні;2021-11-27 06:34:52;
461;Новий автобус та нова роздягальня на стадіоні - Талалаївка з обновками, а депутати пропіарилися;2021-11-27 07:06:27;
462;Ювілей у 100 років відзначала громада Рибинського старостинського округу;2021-11-27 07:50:59;
463;Чернігівському театру ляльок виповнилося 45 років;2021-11-27 08:21:26;
464;Остання субота листопада день пам’яті жертв голодомора;2021-11-27 20:09:33;
465;Перевернулся трактор, погиб мужчина;2021-11-28 06:46:45;
466;В Гончаровске начала работу станция полиции;2021-11-28 07:08:53;
467;На дерев’яному мості у Коропі застрягла вантажівка (фотозвіт);2021-11-28 07:35:18;
468;Прилуцкие легкоатлеты завоевали первенство на чемпионате Полтавской области;2021-11-28 16:35:02;
469;В Чернігівській області знешкодили протитанкову міну другої світової вйни;2021-11-28 20:09:25;
470;В Корюківській РДА хочуть налагодити поставки зрідженого газу;2021-11-28 20:37:42;
471;"""Кудрівка-2"" та ""Прогрес"" з Остапівки завершили футбольний сезон 2021 року на Чернігівщині";2021-11-29 07:17:16;
472;Куліківська громада створює простір для навчання підприємницькій діяльності та профоріентації молоді;2021-11-29 07:43:20;
473;Через пошкодження тепломережі - в Ніжині деякі будинки без опалення;2021-11-29 08:15:37;
474;Бардак на Музыкальной, 9 в Чернигове;2021-11-29 12:03:24;
475;Убийство по неосторожности. В Черниговской области погиб полицейский;2021-11-29 14:15:36;
476;Завершується ремонт дороги у с. Киїнка;2021-11-29 17:16:20;
477;Музею імені В.В. Тарновського виповнилося 125 років;2021-11-29 19:27:52;
478;Грошові перекази Українців перевірятимуть за новими правилами;2021-11-30 06:34:31;
479;Незареєстровані мобільні телефони можуть відключити;2021-11-30 07:10:23;
480;Сильный ветер оставил  без електричества 63 населенных пункта в Черниговской области;2021-11-30 10:24:40;
481;В Черниговской области еще 8 населенных пунктов получили скоростной интернет;2021-11-30 14:52:35;
482;Активисты добились конструктивного решения по Еловщине;2021-11-30 19:04:17;
483;В Черниговской области пройдет международный фестиваль документального кино;2021-12-01 08:06:23;
484;Громадянин Китаю та білоруський виробник теплоізоляції хочуть придбати Козелецький льонозавод;2021-12-01 09:05:29;
485;Бесплатных пластиковых пакетов в магазинах больше не будет;2021-12-01 10:35:50;
486;В Чернігівській області у співробітників харчоблоків навчальних закладів було виявлено стафілокок;2021-12-01 14:52:05;
487;Около пятисот жителей железнодорожного общежития под угрозой выселения;2021-12-01 17:54:43;
488;У День боротьби зі СНІДом в Чернигівській ОДА пройшов брифінг;2021-12-02 06:17:36;
489;В Чернігові визначили переможців конкурсу проектів які спрямовані на роботу з молоддю;2021-12-02 06:46:50;
490;Міська рада планує підняти ціни на харчування дітей в закладах освіти;2021-12-02 07:03:24;
491;В Чернігові горіла маршрутка;2021-12-02 08:29:32;
492;Село Нехаївка Коропської громади отримала свою амбулаторію;2021-12-02 08:52:06;
493;Поліція Чернігівської області запускає сервіс на основі Гугл карт;2021-12-02 09:52:16;
494;На Чернігівщині зафіксували проблеми з питною водою;2021-12-02 15:02:10;
495;На Чернігівщині прикордонники проводили масштабні навчання;2021-12-03 06:03:49;
496;Мешканець Ніжина залишив без води людей з 3 вулиць;2021-12-03 06:22:22;
497;ЛІга ділових та професійних жинок України проводитиме форум в Чернігові;2021-12-03 06:49:56;
498;Чернігівські родини отримають допомогу при народженні дитини;2021-12-03 07:16:37;
499;Самые большие зарплаты в Черниговской области в Прилуцком районе;2021-12-03 07:38:56;
500;Около сотни объектов демонтируют в Чернигове;2021-12-03 10:16:38;
501;Колишній посадовець з управління юстиції Чернігівської області отримав реальний строк;2021-12-03 11:43:40;
502;У Коропі переймають кращий европейській досвід;2021-12-04 06:00:28;
503;"Реабілітаціний  центр ""Відродження"" вже 25 років надає допомогу тисячам хворим дітям";2021-12-04 06:45:57;
504;У Ніжині вандали псують щойно відремонтовану алею;2021-12-04 08:44:34;
505;Корюківський центр дитячої та юнацької творчості проводив конкурс;2021-12-04 09:31:45;
506;"У Тупичевській громаді запрацює програма ""соціальний велосипед""";2021-12-04 09:58:07;
507;Переможці обласного конкурс патріотичних відеороликів отримали призи;2021-12-04 13:02:53;
508;"Первый Черниговский небоскреб повится в районе ""Градецкого""";2021-12-05 11:03:18;
509;В Черниговской области 650 га земли незаконно передали в аренду;2021-12-06 06:44:26;
510;В Новгород-Северском откроют центр развития предпринимательства;2021-12-06 07:16:17;
511;Поліція Чернігівщини та три громади підписали меморандум про співпрацю;2021-12-06 08:16:40;
512;В 2022 году Варва планирует выделить 450 000 гривен на жилье и поощрения медработников;2021-12-06 09:26:11;
513;В Верховной Раде предлагают вернуть государственное регулирование цен на продукты питания;2021-12-06 13:24:37;
514;"В Мені відкрито ""соціальну пральню""";2021-12-06 13:56:49;
515;В Ичне разыскивают 30-летнего Сергея Боршоша;2021-12-06 14:11:48;
516;Возле Брусилова авария в маршрутке погибло 11 пассажиров.;2021-12-07 08:28:18;
517;В результате неблагоприятных погодных условий без электроснабжения остаются жители 46 населённых пунктов в Черниговском районе;2021-12-07 09:00:06;
518;Боксеры Черниговщины завоевали призовые места;2021-12-07 10:41:56;
519;В Нежине открыли социальный хаб для людей с инвалидностью;2021-12-07 17:01:16;
520;На форумі Ліги ділових та професійних жінок обговорювали партнерство (відео);2021-12-08 07:15:41;
521;"Черниговский музей им. Тарновского открыл выставку ""Индия. В поисках сказки""";2021-12-08 06:54:20;
522;В Прилуках боролись с трудоголизмом;2021-12-08 11:35:25;
523;Из-за погоды троллейбусы в Чернигове работают с перебоями;2021-12-08 15:11:54;
524;Сильный гололед;2021-12-08 16:54:30;
525;В Новгород-Северском депутат не доволен качеством ремонта моста;2021-12-09 06:16:37;
526;Депутатській подарок або дерибан землі? У Бахмачскому районі подарували 18 га;2021-12-09 07:27:22;
527;Як Іванов завод захищав (відео);2021-12-09 08:46:06;
528;Поліція Новгород-Сіверського оголосила підозру посадовцю про підробку документів;2021-12-09 14:50:09;
529;Колишній кінотеатр Щорса, або молодіжний центр отримає нове життя;2021-12-09 13:01:14;
530;Правила безопасности в гололед;2021-12-09 14:18:18;
531;В детской поликлинике на Рокосовского работают бассейны;2021-12-10 05:12:35;
532;Подготовка к празднику идет полным ходом;2021-12-10 05:27:55;
533;В Чернигове в следующем году начнут строительство ледовой арены;2021-12-10 08:36:47;
534;Прокуроры против депутатов - счет 6:3;2021-12-10 08:57:37;
535;Никогда такого не было и вот опять! Еловщину продолжают планомерно выпиливать (фото).;2021-12-10 10:10:36;
536;В Більмачівці запустили освітлення вулиць, або машина часу на Ічнянщині;2021-12-10 10:52:42;
537;Мужчину подрезавшего 15-летнего подростка в Чернигове - арестовали на 2 месяца;2021-12-10 11:21:51;
538;В Чернігові мітингувальники засудили обмеження прав українців в рамках законопроекту 4142;2021-12-12 18:16:30;
539;Черниговщина налаживает связи с Северной Македонией;2021-12-12 20:23:23;
540;В Талалаеке прошел турнир по бильярду;2021-12-13 06:31:56;
541;В Ніжині із 103 річчам привітали відому викладачку;2021-12-13 06:58:08;
542;З 18 грудня Дід Мороз відкриє офіс в Чернігові;2021-12-13 09:03:02;
543;Чернігів стає безпечнішим;2021-12-13 12:53:14;
544;В Прилуках презентовали экологичный автобус;2021-12-13 13:47:07;
545;Збірна Чернігівщини посіла призове міцє на Кубку України з настільного тенісу;2021-12-14 06:52:01;
546;Сергей Андрос оспаривает решение о постройке высотки во дворе Черниговской ОГА;2021-12-14 07:10:13;
547;Вишки мобільного зв’язку, молодіжний клуб, харчоблок для ДНЗ - у Корюківці затвердили бюджет;2021-12-14 07:42:17;
548;Осторожно!!! В Киеве обнаружили мясо зараженное сальмонелезом;2021-12-14 08:42:56;
549;В Чернігові суд визнав неправомірним відсторонення від роботи через відсутність вакцінації;2021-12-14 15:04:50;
550;В Чернігові судитимуть педофіла що протягом 2018-2021 років гвалтував неповнолітніх;2021-12-14 16:10:48;
551;Вигадували колесо, або як на Чернігівщині почали процес передачі газогону у власність громад;2021-12-15 07:03:05;
552;Новый детский сад в Коптях;2021-12-15 08:15:14;
553;Святкові ялинки та канікули - Чернігів готується до Нового року;2021-12-15 09:41:46;
554;В Березовой роще на Пухова строят систему водоотвода;2021-12-15 10:44:55;
555;Главный зал Черниговского почтамта закрыли;2021-12-15 12:35:41;
556;Варва выделила 300 000 грн на охрану природы;2021-12-15 13:16:21;
557;Чернігівець обурений вирубкою дерев та застройкою ганделиками поширив відкрите звернення через Фейсбук;2021-12-15 13:57:42;
558;В Халявине новая амбулатория;2021-12-16 06:45:57;
559;"В пятницу, во Дворце культуры ""Химиков"" мер презентует отчет о проделанной работе за 2021 год";2021-12-16 06:56:05;
560;"Заповедник ""Гентьманська столиця"" в этом году получил много предметов связанных с историей Украины";2021-12-16 07:15:18;
561;Чернигов начнет праздновать 19 декабря;2021-12-16 09:04:08;
562;18 декабря Дмитрий Митрофанов проведет рейтинговый бой в Броварах;2021-12-16 13:08:44;
563;Министр внутренних дел посетил Нежин;2021-12-16 16:27:02;
564;Прилуцькі школяри отримали дидактичні матеріали;2021-12-16 16:47:23;
565;Платить за детские кружки в Чернигове придется больше;2021-12-17 05:48:53;
566;В Ічні поновлено роботу автостанції;2021-12-17 06:25:43;
567;В Ніжині вперше відбудеться новорічний ярмарок;2021-12-17 07:32:51;
568;В селе Холмы Корюковского района открыли современный тренажерный зал;2021-12-17 08:20:54;
569;"В Чернигове поздравили победительниц конкурса ""Женщина года -2021""";2021-12-17 08:35:25;
570;"В Мені на Святого Миколая велопробіг ""ВелоМиколайчики:)"" та поздоровлення малечі";2021-12-17 14:43:44;
571;У Новгород-Сіверському хочуть продати Леніна;2021-12-17 15:21:32;
572;Центральная библиотека Нежина провела мастер класс для детей по изготовлению новогодних игрушек;2021-12-18 06:56:56;
573;В селі Камка, Холминської териториальної громади відкрили краєзнавчий музей;2021-12-18 08:14:46;
574;Завтра у Деда Мороза в Чернигове плотный график;2021-12-18 12:51:11;
575;Робота заслуженого художника України Анатолія Шкурко прикрашає відділення укрпошти в Мені;2021-12-18 15:44:38;
576;В Чернигове открыли новогодние базары.  Где купить елку?;2021-12-19 07:33:34;
577;Сьогодні Прилуки запялять новорічні вогники на центральній площі міста.;2021-12-19 08:50:32;
578;Чернігівський боксер Дмитро Мітрофанов переміг у 3 раунді;2021-12-19 09:23:49;
579;Фермеры провели Всеукраинские слушания о незаконности продажи земли в Украине;2021-12-19 09:51:59;
580;В Бахмачі депутат міської ради насмерть збив велосипедиста;2021-12-19 11:55:04;
581;В Бахмачі святково відкрили Новорічну Ялинку (фотозвіт);2021-12-20 06:51:16;
582;У Новгород-Сіверському на Миколая відбулись урочисті заходи (фотозвіт);2021-12-20 07:00:47;
583;Як до Коропа завітав справжній Дід Мороз;2021-12-20 07:15:11;
584;В Ніжині почали святкувати (фотозвіт);2021-12-20 07:22:33;
585;У Прилуках також святкували (фотозвіт);2021-12-20 07:26:42;
586;В Бахмаче люди вышли на митинг что бы полиция не замяла дело депутата, который сбил насмерть человека;2021-12-20 10:59:24;
587;"В Коптях торжественно открыли детский сад ""АИСТ""";2021-12-20 15:02:30;
588;В Новгород-Северском горсовет огласил конкурс на лучшее оформление фасада дома;2021-12-21 06:55:55;
589;Як в Семенівці на Миколая святкували (відео);2021-12-21 07:21:09;
590;Сьогодні День зимового сонцестояння;2021-12-21 08:20:15;
591;День Святого Миколая в Чернигове;2021-12-21 08:45:42;
592;В новогоднюю ночь в Чернигове будет работать общественный транспорт;2021-12-21 09:25:31;
593;В Чернигове на Пухова в ливневку годами сливали фекалии и они попадали в Десну;2021-12-21 11:16:57;
594;;;
595;В Мене через ОЛХ продают отель;2021-12-22 06:29:06;
596;В Коропе рыбак поймал гигантского сома;2021-12-22 06:40:49;
597;"На Чернігівщині авіація зробила перший ""санітарний"" виліт";2021-12-22 07:14:20;
598;Легальные ёлки от лезхозов по нормальной цене!;2021-12-22 13:09:12;
599;На Черниговщине легковушка попала под поезд;2021-12-22 13:42:13;
600;"В Чернигове прошел турнир по кикбоксингу ""Зимняя перчатка""";2021-12-23 05:59:31;
601;З Брянського заповідника до Чернігівщини завітали зубри;2021-12-23 06:46:48;
602;В Корюковке молодой специалист медик получил служебную квартиру;2021-12-23 07:04:48;
603;"Чернігівська самбістка Софія Спицина здобула ""бронзу""";2021-12-23 07:26:51;
604;Чернігівщина займає 20 місце серед 25 областей України по євроінтеграції;2021-12-23 10:31:33;
605;Згідно наказу №313 МінОборони України жінки більше 100 професій, повинні стати на військовий облік;2021-12-24 06:18:02;
606;В Чернігівській області начальник райвідділу поліції вимагав хабаря у 20 тисяч доларів;2021-12-24 06:50:47;
607;Заканчивают ремонт моста в Коропе;2021-12-24 08:33:15;
608;Села Чернігівщини переходять на скраплений газ;2021-12-24 08:45:28;
609;10 миллионов грн на Прилуцкую больницу;2021-12-24 09:49:19;
610;Роз’яснення МінОборони України, щодо взяття на військовий облік жінок;2021-12-25 05:30:52;
611;Сразу 2 спортивных объекта начнут строить в Чернигове в следующем году;2021-12-25 06:16:39;
612;Шесть больниц в Черниговской области укомплектовали новой диагностической аппаратурой;2021-12-25 06:37:19;
613;В Черниговской области прокуратура  вернула  государству 48 га земли;2021-12-25 12:39:40;
614;Ніжин колядує (фотозвіт);2021-12-26 06:58:53;
615;Определили границы територии лесопарка Еловщина;2021-12-26 08:10:00;
616;В Коропе проводят чемпионат Черниговской области по волейболу;2021-12-27 06:28:12;
617;В Мене утвердили бренд города;2021-12-27 06:57:51;
618;Новые тарифы в новом году.;2021-12-27 09:44:26;
619;В Корюковке прошел  турнир по боксу;2021-12-28 06:38:59;
620;В Нежинском районе предприниматель заготавливал елки с кладбища и повредил могилы;2021-12-28 06:56:49;
621;В Черниговском районе загорелся тепловоз;2021-12-28 12:17:48;
622;Юные биатлонисты Черниговщины на пьедестале чемпионата Украины;2021-12-28 14:14:10;
623;В Новогоднюю ночь в Чернигове будет работать общественный транспорт: 4 троллейбусных и 8 автобусных маршрутов;2021-12-29 07:14:21;
624;Камер фиксации ПДД в Черниговской области может стать больше;2021-12-29 10:55:11;
625;Черниговский автозавод планирует начать производство грузовых авто;2021-12-29 11:38:01;
626;Здорожчання хлібних виробів або закриття хлібзаводу - працівники звернулися до голови Чернігівської ОДА;2021-12-29 19:40:56;
627;Полицейские Черниговщины прекратили деятельность международного мошеннического колл-центра;2021-12-30 13:46:33;
628;У іваницькій бібліотеці ВІДКРИЛИ  виставку раритетних новорічних іграшок;2022-01-03 14:58:29;
629;Как будут праздновать Рождество в Чернигове: «коза», рекорд и большой кулеш под открытым небом.;2022-01-03 16:01:45;
630;На Чернігівщині п'яний поліцейський спровокував ДТП: в аварії загинула людина;2022-01-04 08:44:33;
631;Куда девать новогоднее дерево после праздников?;2022-01-05 09:52:36;
632;ЛОР отделение в Черниговской областной больнице;2022-01-05 12:05:25;
633;Приглашение на фестиваль в Сосницу;2022-01-05 12:20:26;
634;1 января 2022 в Чернигове родилось 13 малышей!;2022-01-05 12:51:25;
635;Отчет полиции Чернигова о результатах работы за 2021 год;2022-01-05 13:09:58;
636;Рождественские традиции на Черниговщине;2022-01-06 11:06:53;
637;Материальная помощь от города;2022-01-06 11:36:16;
638;Большая стройка Чернигов;2022-01-06 11:58:11;
639;Безопасный пешеходный переход;2022-01-06 12:07:18;
640;"В Прилуках предложили ""культурную схему"" для реализации ""ковидной"" тысячи";2022-01-07 08:58:13;
641;Украинцы потихоньку начинают использовать новые деньги: чем могут заменить гривны;2022-01-07 09:13:37;
642;Зимові гриби;2022-01-07 11:15:46;
643;Первый заместитель председателя Черниговской ОГА;2022-01-07 11:49:37;
644;Ухудшение погодных условий;2022-01-07 11:56:52;
645;Закрывают две школы в Нежине;2022-01-07 12:03:49;
646;Как Черниговский городской совет принимал колядников;2022-01-07 12:17:50;
647;Современный леговой автомобиль для Варвинского сельсовета;2022-01-08 11:41:02;
648;У Новгород-Сіверському переймаються збереженням зеленої зони;2022-01-08 12:22:13;
649;Іржавецький «Лас-Вегас» - як село на Чернігівщині прикрасили до свят (відеозвіт);2022-01-08 12:57:57;
650;Пробное ЗНО;2022-01-08 14:57:49;
651;У Борзні стартував чемпіонат з футзалу;2022-01-09 08:49:24;
652;В Семенівці провели турнір з волейболу;2022-01-09 08:52:36;
653;"В Чернігові пройшов турнір з настільного тенісу ""Різдвяні зутрічі""";2022-01-09 09:04:17;
654;Юные каропчане одержали победы в соревнованиях по авиамодельному спорту (Фото);2022-01-09 10:12:57;
655;Фото с фестиваля в Соснице;2022-01-09 11:17:51;
656;Разрушается историческая памятка в Семеновке;2022-01-10 08:16:23;
657;Не ходят автобусы;2022-01-10 09:00:41;
658;Проверка питьевой воды в Чернигове показала;2022-01-10 09:42:33;
659;Складна ситуація навколо Семенівського лісгоспу;2022-01-10 13:48:51;
660;Ічнянська міська лікарня підбила підсумки;2022-01-10 15:05:56;
661;Женщину нашли;2022-01-11 05:14:03;
662;Установлены границы ландшафтного заказника Муравьевский;2022-01-11 05:16:31;
663;Сосница осваивает электронные петиции;2022-01-11 05:16:52;
664;Оскар за наилучшее украшение дома;2022-01-11 05:17:07;
665;Стоимость паспорта и загранпаспорта с 01.01.22;2022-01-12 06:18:54;
666;За газ будем платить дороже;2022-01-12 06:20:31;
667;Перекрыли газ. Что делать?;2022-01-13 07:57:44;
668;Шахматы сближают. Чемпионат Черниговской области;2022-01-12 06:42:30;
669;Новий підхід до харчування в навчальних закладах області.;2022-01-12 06:21:09;
670;Нежин образец для подражания!;2022-01-12 07:03:08;
671;Урон в 19 сомов каждый по 42 кг и две тонны рыбы;2022-01-12 07:48:12;
672;Финансироваться из городского бюджета будут:;2022-01-13 07:58:42;
673;Три пункта обогрева на Чернигов;2022-01-12 14:21:03;
674;ФК Десна закроют?;2022-01-13 07:58:13;
675;Выставка картин 4/22;2022-01-13 08:00:16;
676;Чиновницу Госгеокадастра подозревают в незаконной передаче земли;2022-01-12 18:24:18;
677;В Прилуках открыли дверь два пункта обогрева;2022-01-12 18:27:29;
678;В Прилуках исполком заключил временный договор на перевозку по маршруту №16;2022-01-12 18:30:43;
679;В 2021 году промысловые рыбаки Черниговщины выловили более 50 тонн рыбы;2022-01-12 18:53:07;
680;Засевалки и поздравления от сайта 24city;2022-01-14 07:28:16;
681;В Сребном открыли Студию спортивного досуга для женщин;2022-01-13 10:27:03;
682;Площадь заповедных территорий Черниговщины увеличивается;2022-01-14 07:27:28;
683;Пенсии повышены. Кому на сколько:;2022-01-14 07:27:54;
684;Сортировочная станция мусора в Чернигове;;
685;Отдай старые книги - подари добро!;2022-01-14 07:28:37;
686;На выходных Чернигов сортировочная станция устроит «приемные дни» для вторичного сырья;2022-01-13 16:43:12;
687;Нежинский молодежный центр приглашает на on-line тренинг;2022-01-14 11:30:56;
688;"""Вічна калюжа"" в Козельці. Люди не можуть вирішити проблему дренажу вулиці (відео)";2022-01-14 11:54:28;
689;Внимание конкурс!;2022-01-14 12:23:40;
690;Валерий Зуб;2022-01-15 07:28:15;
691;10 высокооплачиваемых профессий на Черниговщине:;2022-01-15 07:27:08;
692;Регулирование цен;2022-01-15 07:21:46;
693;Штраф 40 800 грн.;2022-01-15 07:27:54;
694;Полицейский не указал в декларации 78 000 долларов;2022-01-15 07:27:29;
695;Прилуцкие легкоатлеты ДЮСШ привезли 17 наград из Чемпионата Черниговской области;2022-01-14 15:43:07;
696;Черниговские детсады и школы полностью перешли на новую систему питания;2022-01-14 15:48:47;
697;Чернігівські дитячі садки та школи повністю перейшли до нової системи харчування.;2022-01-14 15:48:47;
698;Прилуцкие легкоатлеты ДЮСШ привезли 17 наград из Чемпионата Черниговской области;2022-01-14 15:43:07;
699;10 высокооплачиваемых профессий на Черниговщине:;2022-01-15 07:27:08;
700;Полицейский не указал в декларации 78 000 долларов;2022-01-15 07:27:29;
701;Штраф 40 800 грн.;2022-01-15 07:27:54;
702;Валерий Зуб;2022-01-15 07:28:15;
703;Регулирование цен;2022-01-15 07:21:46;
704;Внимание конкурс!;2022-01-14 12:23:40;
705;"""Вічна калюжа"" в Козельці. Люди не можуть вирішити проблему дренажу вулиці (відео)";2022-01-14 11:54:28;
706;Нежинский молодежный центр приглашает на on-line тренинг;2022-01-14 11:30:56;
707;Отдай старые книги - подари добро!;2022-01-14 07:28:37;
708;Засевалки и поздравления от сайта 24city;2022-01-14 07:28:16;
709;Пенсии повышены. Кому на сколько:;2022-01-14 07:27:54;
710;Площадь заповедных территорий Черниговщины увеличивается;2022-01-14 07:27:28;
711;На выходных Чернигов сортировочная станция устроит «приемные дни» для вторичного сырья;2022-01-13 16:43:12;
712;Сортировочная станция мусора в Чернигове;;
713;В Сребном открыли Студию спортивного досуга для женщин;2022-01-13 10:27:03;
714;Выставка картин 4/22;2022-01-13 08:00:16;
715;Финансироваться из городского бюджета будут:;2022-01-13 07:58:42;
716;ФК Десна закроют?;2022-01-13 07:58:13;
717;Чернігівобленерго працює над усуненням наслідків негоди;2022-01-15 20:17:58;
718;В Ніжнській бібліотеці презентували нову книгу про село Козари Ніжинського району;2022-01-16 07:28:09;
719;Данилівську школу закрито, вчителі вже тривалий час без роботи - хто винен?;2022-01-16 08:49:04;
720;Первый за десять лет!;2022-01-16 14:04:04;
721;Юна спортсменка з Вертіївки виборола бронзу;2022-01-17 07:08:43;
722;Квартирник в Мені;2022-01-17 07:43:21;
723;Ніжин запрошує на Творчу Тусу;2022-01-17 08:43:56;
724;Родители против закрытия школ!;2022-01-17 09:51:54;
725;Шить стало проще! Обучится можно в Чернигове по ул. Козацька 11а;2022-01-17 10:15:42;
726;З кожного Чернігівця по 1000 грн. в рік на пакети!;2022-01-18 06:34:35;
727;Скорочення населення України до 41,34 млн.;2022-01-19 06:17:46;
728;Ошукали хворих на туберкульоз дітей!;2022-01-18 06:34:07;
729;Счастливые улыбки жителей Городни;2022-01-18 06:33:38;
730;Увага! Конкурс для молоді!;2022-01-18 06:33:53;
731;Фронт-офіс поліції відкрито в Корюківці;2022-01-17 18:32:21;
732;42 населених пункти Чернігівщини знеструмлено внаслідок шкавльного вітру;2022-01-18 07:36:07;
733;«Облтеплокомуненерго» повернеться у власність міста;2022-01-18 14:32:26;
734;19 січня - Водохреща! Народні прикмети на Водохрещу;2022-01-19 06:17:04;
735;Пожар из-за заряжающегося планшета;2022-01-19 06:17:27;
736;Прокуратура добилась возвращения;2022-01-19 06:18:02;
737;Мандруємо Україною! Парк Беремицьке;2022-01-20 06:31:01;
738;Куліківський ОСББ не може впоратись з капітальним ремонтом;2022-01-20 06:30:57;
739;Незаконні вирубки в Чорнобилі;2022-01-20 06:30:51;
740;Інша Тиша в Чернігові;2022-01-19 14:19:18;
741;Скільки сміття здали на переробку за 2021 рік в Чернігові. Інфографіка;2022-01-21 06:51:59;
742;Носівка - відремонтовано стадіон;2022-01-21 06:52:18;
743;Красуня у вишиванці с.Гнідинці;2022-01-21 06:52:35;
744;Поліцейські затримали раніше судимого мешканця Ічні за підозрою у торгівлі зброєю;2022-01-21 06:52:52;
745;Припинення набору у 10 класи шкіл Чернігова;2022-01-20 15:48:51;
746;Чи почує влада потреби мешканців мікрорайона Нафтобаза Лісковиця ?;2022-01-21 06:53:09;
747;Побачив сміттєзвалище - дзвони: 0800 500 115;2022-01-22 06:25:04;
748;В Мені безробітним пропонують взяти патронат над дитиною;2022-01-22 06:25:43;
749;В Любечі з’явилась своя молодіжна рада;2022-01-22 06:27:01;
750;"Відбулися перші торги ""соціальним газом""";2022-01-21 15:37:26;
751;Мандруй не виходячи з дому! Сьогодні онлайн екскурсія в Батурин;2022-01-22 06:24:42;
752;Иновации для сохранности кормов;2022-01-22 06:24:51;
753;В Ладані відкрився центр культури та дозвілля;2022-01-22 10:31:46;
754;У Сновську горіла церква;2022-01-22 10:57:24;
755;Форнетти на грани остановки производства;2022-01-23 06:45:18;
756;57% українців підтримують ідею заборони цирків із тваринами;2022-01-23 06:44:55;
757;Більш тижня повалене дерево перекриває дорогу біля села Деревини;2022-01-22 15:58:33;
758;Пройшли збори села ВИПОВЗІВ, яких люди чекали 3 роки. Вирували пристрасті....;2022-01-23 07:51:44;
759;В Бобровиці жінка купила ковбасу із саморізом всередині;2022-01-23 10:28:34;
760;Зберегти раритетну будівлю в Сновську;2022-01-24 06:55:12;
761;Скандал в Носівці;2022-01-24 06:55:30;
762;Опровержение фэйковых новостей;2022-01-24 06:55:47;
763;Незаконна вирубка у прикордонному районі Чернігівщини;2022-01-24 06:56:22;
764;Взрыв котла на торфозаводе в Семеновке;2022-01-25 06:22:24;
765;Контейнери з відпрацьованим ядерним паливом у Чорнобильську зону;2022-01-25 10:27:54;
766;ДСНС України попереджає любителів зимової рибалки;2022-01-25 06:24:35;
767;Седнівська ГЕС;2022-01-25 06:23:01;
768;Криза в Прилуках;2022-01-25 09:16:38;
769;Холодно без газопостачання 222 домогосподарства на Чернігівщині;2022-01-25 10:51:57;
770;Відмовили в прийнятті документів на конкурс Начальник відділу благоустрою Деснянської ТГ;2022-01-26 07:42:43;
771;Тобі 17 років? Крокуй до військомату;2022-01-26 07:42:25;
772;Голова Корюківської РДА Ващенко;2022-01-26 08:30:33;
773;Ціни на гарячу воду зменшено;2022-01-26 08:47:27;
774;"Перехід на дистанційне навчання руйнує плани ""телефонних терористів""";2022-01-26 09:41:52;
775;Реконструйовано амбулаторію;2022-01-26 09:49:17;
776;Депутат Бахмачского ГС подозреваемый в смертельном ПДД под домашним арестом;2022-01-26 09:56:31;
777;В Нехаївці Коропської тергромади працюють над відновленням газопостачання;2022-01-26 13:02:21;
778;Багато хворих;2022-01-27 07:27:43;
779;Криниця з цілющою водою на Новгород-Сіверщині;2022-01-27 07:43:00;
780;Конфликт между фермером и землевладельцами в Ивановке;2022-01-27 08:31:04;
781;Вдячність за турботливі руки;2022-01-27 09:38:53;
782;Люди кажуть, що на кордоні в Сеньківці все спокійно;2022-01-27 10:03:10;
783;Чернігівські спортсмени вилетіли у Пекін на Олімпіаду;2022-01-27 10:39:35;
784;Антибіотики лише за рецептами;2022-01-28 05:52:25;
785;Леніна продали майже за мільйон!;2022-01-28 19:05:49;
786;Реконстрували школу;2022-01-28 05:52:04;
787;Шкільний бюджет? Легко;2022-01-28 05:51:39;
788;Виїзний рейд соцробітників;2022-01-28 05:51:20;
789;Скільки коштує газ у лютому від Чернігівгаз збут?;2022-01-27 19:31:15;
790;Карантин в Прилуках;2022-01-29 06:02:55;
791;Конкурс для дітей;2022-01-29 06:02:22;
792;"""Сільпо"" збирає вторсировину";2022-01-29 06:01:46;
793;Поліція розшукала 9 річного хлопчика в Мені;2022-01-29 16:10:30;
794;Кризова кімната в Чернігові;2022-01-30 11:34:26;
795;На Чернігівщині незаконний видобуток торфу завдав збитків на мільйони;2022-01-30 12:00:26;
796;Чернігівські боксери здобули 5 нагород;2022-01-31 08:26:36;
797;В лікарнях Чернігівської області з’явиться препарат для лікування туберкульозу;2022-01-31 08:56:43;
798;Де тепер отримати соціальну допомогу?;2022-01-31 11:59:20;
799;Подорожчав проїзд Київ-Корюківка;2022-01-31 12:15:16;
800;Екологічна інспекція посилює громадський контроль за охороною довкілля;2022-01-31 13:10:59;
801;В Прилуках ввели плату за опалення підвалів та горищ. Чернігів приготуватися?;2022-01-31 13:17:39;
802;Онлайн оформлення земельних ділянок;2022-01-31 13:24:48;
803;На нас очікує ще більше зростання цін;2022-02-01 07:03:41;
804;Черги на ПЛР-тест у Чернігівських поліклініках;2022-02-01 07:03:07;
805;Горілка по Семенівськи. Злодюги спіймалися!;2022-01-31 17:28:04;
806;Чернігівський школяр розробив програму для інтерактивних дошок Graph;2022-02-01 07:39:42;
807;В Чернігові судитимуть двох патрульних поліцейських;2022-02-02 09:16:34;
808;Старт реєстрації ЗНО;2022-02-02 09:37:15;
809;Поліцейські організували катання на ковзанах для дітей;2022-02-02 09:56:54;
810;Новий Менський логотип;2022-02-02 10:15:52;
811;В Носівці і Борзні нові стадіони;2022-02-02 10:37:20;
812;Новий садочок у Слабині;2022-02-02 11:36:41;
813;'+3000 грн. за народження дитинки;2022-02-02 12:03:37;
814;Elementor #49994;;
815;Зростання пенсій у березні;2022-02-02 13:31:37;
816;Мешканці села Замглай виборюють своє конституційне право на самоврядування;2022-02-03 07:23:14;
817;Запрошуємо на патріотичну виставку різблення по дереву;2022-02-03 08:50:53;
818;Сьогодні в мережі Київстар стався збій;2022-02-03 08:43:30;
819;Чернігівщина отримала понад 27 тисяч експрес-тестів для визначення COVID-19;2022-02-03 09:14:39;
820;Решили проблему с баллонами на Сновщине;2022-02-03 09:34:49;
821;Олімпійські ігри по Чернігівськи;2022-02-04 06:42:33;
822;Чи зараховується період безробіття до страхового стажу для нарахування пенсії?;2022-02-04 06:41:40;
823;Убиток: незаконно виловили карасів на величезну суму;2022-02-04 06:39:27;
824;Нерезиденти вивели із ПСГ запаси газу;2022-02-04 07:14:02;
825;Відбулось відкриття виставки митців по дереву;2022-02-04 13:15:38;
826;Незаконная аренда земель в Нежине;2022-02-05 07:26:47;
827;Молодіжний фестиваль;2022-02-05 07:25:59;
828;Хто на Чернігівщині найкращий?;2022-02-05 07:26:24;
829;В селі нема газу 12 років;2022-02-05 08:55:05;
830;Онлайн семінар для рішення проблем в агросфері;2022-02-05 09:45:37;
831;Екологічний тренд Олімпійських Ігор 2022;2022-02-06 07:21:40;
832;Майстер-класи до Дня святого Валентина;2022-02-06 07:38:46;
833;Знайти роботу Чернів Ніжин Прилуки - онлайн державний центр зайнятості;2022-02-06 07:53:43;
834;На Чернігівщині вирощують волохатих свиней;2022-02-07 06:50:18;
835;В Ічнянській ТГ;2022-02-07 07:21:06;
836;Lorem ipsum в Чернігові проект на мільйони доларів;2022-02-07 07:45:50;
837;Дівчинка з Мени стала чемпіонкою України!;2022-02-07 08:03:38;
838;Висадження нових лісів на Чернігівщині;2022-02-07 08:31:02;
839;Новенький харчоблок у садочку Чернігова;2022-02-07 09:09:48;
840;Мітинг під Чернігівскою ОДА;2022-02-07 15:15:29;
841;На Чернігівщині можна безоплатно отримати правову допомогу;2022-02-08 05:46:58;
842;Олімпіада: Просто не могла дихати, пішов спазм;2022-02-08 05:46:17;
843;В Бобровиці відбулася нарада стосовно закриття ФАПів;2022-02-08 08:02:39;
844;Переправа на машині Пекарів;2022-02-08 09:17:03;
845;Артем Прима не задоволений власною стрільбою;2022-02-08 12:16:09;
846;108 тис. грн безпідставно сплачених за спожитий газ;2022-02-08 12:38:22;
847;Ваш родич в біді - телефонне шахрайство;2022-02-09 06:16:27;
848;Нові вимоги до страхового стажу;2022-02-09 06:16:41;
849;Запитай у мера. на Чернігівщині анонсували новий підхід в роботі з громадою;2022-02-09 06:17:03;
850;Зеленський призначив нового суддю в Щорський район;2022-02-09 07:17:40;
851;А ви знаєте що в Бобровиці є чарівний палац?;2022-02-09 07:56:27;
852;До уваги мешканців Корюківки!;2022-02-09 14:30:20;
853;Літературна студія Паросток в Чернігові;2022-02-10 06:40:54;
854;Сборник «Журавлиный колодец»;2022-02-10 06:40:25;
855;Увага родинам, що опинилися в складних життєвих умовах;2022-02-10 06:40:07;
856;Врятовано пару лебедів!;2022-02-10 08:08:34;
857;Ложный звонок о заминировании может обойтись неволей от 2 до 6 лет;2022-02-10 08:32:50;
858;Ти талановитий і любиш нашу державу? Тоді маєш можливість отримати грант;2022-02-11 05:51:19;
859;Найбільший в Україні витратомір встановлено в Чернігові;2022-02-11 05:50:50;
860;Что влияет на засуху в Черниговской области?;2022-02-10 15:56:00;
861;Чому газ горить то жовтим то помаранчевим пламенем?;2022-02-11 05:50:29;
862;Киріївській школі бути!;2022-02-11 05:50:07;
863;Борщ подорожчав!;2022-02-11 05:49:47;
864;На скільки підвищилася ціна на пакети;2022-02-11 14:04:57;
865;В Чернигове изменилась схема расчетов за тепло и воду для квартир;2022-02-12 08:49:15;
866;Незаконна рубка дерев біля Чернігова та Прилук;2022-02-12 08:48:50;
867;Вітаємо Чернігівських призерів олімпіади;2022-02-12 07:11:58;
868;Чому я маю платити за розподіл газу, якщо я сам прокладав трубу?;2022-02-12 08:48:15;
869;Ніжинський хлопчик - майстер спорту України;2022-02-13 06:53:19;
870;Позиція Чернігівгаз: Чому раніше я не платив за розподіл, а газ мав?;2022-02-13 07:17:15;
871;Електронна демократія у Седніві;2022-02-13 08:14:04;
872;Вакцінація підтримала ринок книжок!;2022-02-13 10:06:42;
873;Надходження дитячих книг до Прилуцької міської бібліотеки;2022-02-14 06:50:33;
874;Вирішується доля Чернігівського теплохода Казбек;2022-02-14 07:48:13;
875;В Прилуках діє виставка Павла Бережного;2022-02-14 08:10:13;
876;Городню вже розпиляли чи збій в Кадастрі?;2022-02-14 08:24:23;
877;В Чернігові вперше провели аудит школи;2022-02-14 08:53:58;
878;Більше 50 років разом. Історія одного кохання;2022-02-14 17:43:56;
879;Полиция перешла на дежурства в усиленном режиме;2022-02-14 18:23:36;
880;15 лютого День вшанування учасників бойових дій на території інших держав;2022-02-15 06:27:25;
881;Мешканці Чернігова, Борзни і Новгород-Сіверського одночано виказують обурення;2022-02-15 06:28:13;
882;А тим часом...;2022-02-15 06:28:44;
883;Зі Стрітенням Господнім;2022-02-15 07:07:03;
884;Маленькі невільники або бізнес по арабські;2022-02-15 08:53:45;
885;В Чернігові затримали торгівця людьми;2022-02-16 08:43:45;
886;В Борзні шукали патронатних вихователів;2022-02-16 09:55:15;
887;В Корюківському історичному музеї відкрито фото виставку;2022-02-17 06:37:45;
888;У Феськівці випилюють дерева;2022-02-17 08:27:24;
889;Плюс нові тролейбуси в Чернігів;2022-02-17 08:42:39;
890;35 років Чернігівській районній організації ветеранів;2022-02-17 09:01:57;
891;День кота!;2022-02-17 09:37:11;
892;Цікаве захоплення;2022-02-18 06:15:16;
893;100 річний ювилей;2022-02-18 06:14:46;
894;ТК-Стиль Чернігів;2022-02-18 06:14:09;
895;Стрільби депутатів Чернігівської міської ради - навчання заплановані на 18 лютого;2022-02-18 06:24:03;
896;Євген Луняк написав нову книгу Ляпаси;2022-02-18 06:47:41;
897;Безоплатно зробити томограму можна:;2022-02-18 07:15:36;
898;Чиста вода для громади. Передбачено 10 млн. гривень;2022-02-18 07:32:04;
899;Перевірка оповіщення 22 лютого. Не лякайтесь - виття електросирен;2022-02-18 07:59:26;
900;Улицы Городни;2022-02-19 08:15:06;
901;Поліція врятувала дитину від власної матері;2022-02-19 08:15:34;
902;"В Корюківці пройде вистава ""Вечора на хуторі близ Діканькі""";2022-02-19 08:14:38;
903;Звідки в Чернігові лунали звуки схожі на постріли?;2022-02-20 07:40:13;
904;Колектив Ритм з Корюківки отримав Гран-прі міжнародного онлайн фестевалю;2022-02-20 08:28:48;
905;Скільки зарплати отримують голови ОДА?;2022-02-20 10:03:23;
906;Космические приключения в Чернигове;2022-02-21 06:15:23;
907;В Борзні обурило громаду ставлення до святині:;2022-02-21 06:14:46;
908;У Сосницькій громаді відбувся чемпіонат із зимової риболовлі;2022-02-21 06:14:15;
909;Наш земляк Олександр Криворучко виборов золото;2022-02-21 06:13:47;
910;Заражена риба в водоймі Чернігова. Як бути мешканцям Чернігова?;2022-02-22 06:28:26;
911;Конкурс 10000 грн. за твій традиційний родинний рецепт;2022-02-22 06:29:45;
912;Продовження репортажів про наші дороги. Цього разу в Седневі та с. Клочків;2022-02-22 06:29:01;
913;21 лютого Міжнародний день рідної мови;2022-02-21 10:47:58;
914;26 га землі повернуто Коропській селищній раді;2022-02-22 06:27:44;
915;Відміна перевірки гучномовців та сирен;2022-02-22 07:20:25;
916;Обшуки в Чернігівському онкоцентрі;2022-02-22 08:07:51;
917;Шахраї під виглядом медиків обікрали пенсіонерку;2022-02-23 06:18:23;
918;Прорвало дамбу;2022-02-23 06:17:53;
919;"""Потурбувались"" про мешканців Чернігова";2022-02-23 06:17:24;
920;Чернігівські патрульні врятували жінку на Красному мосту;2022-02-23 06:16:41;
921;Малі Олімпійські ігри у Бобровиці;2022-06-26 11:03:21;
922;Вони плетуть Перемогу: чернігівські волонтери організували плетіння сіток на фронт;2022-09-08 17:33:13;
